Current,InstanceType,Manufacturer,MemoryMiB,VCpus,Price
TRUE,c7a.medium,AMD,2048,1,$0.12
TRUE,c6g.medium,AWS,2048,1,$0.03
TRUE,c7g.medium,AWS,2048,1,$0.04
TRUE,c6gd.medium,AWS,2048,1,$0.04
TRUE,c8g.medium,AWS,2048,1,$0.04
TRUE,c7gd.medium,AWS,2048,1,$0.05
TRUE,c8gd.medium,AWS,2048,1,$0.05
TRUE,c8gn.medium,AWS,2048,1,$0.06
TRUE,c7gn.medium,AWS,2048,1,$0.06
TRUE,m7a.medium,AMD,4096,1,$0.13
TRUE,m6g.medium,AWS,4096,1,$0.04
TRUE,m7g.medium,AWS,4096,1,$0.04
TRUE,m8g.medium,AWS,4096,1,$0.04
TRUE,m6gd.medium,AWS,4096,1,$0.05
TRUE,m7gd.medium,AWS,4096,1,$0.05
TRUE,m8gd.medium,AWS,4096,1,$0.06
TRUE,is4gen.medium,AWS,6144,1,$0.14
TRUE,r7a.medium,AMD,8192,1,$0.14
TRUE,r6g.medium,AWS,8192,1,$0.05
TRUE,r7g.medium,AWS,8192,1,$0.05
TRUE,r6gd.medium,AWS,8192,1,$0.06
TRUE,r8g.medium,AWS,8192,1,$0.06
TRUE,r7gd.medium,AWS,8192,1,$0.07
TRUE,r8gd.medium,AWS,8192,1,$0.07
TRUE,x2gd.medium,AWS,16384,1,$0.08
TRUE,x8g.medium,AWS,16384,1,$0.10
TRUE,t3a.nano,AMD,512,2,$0.00
TRUE,t4g.nano,AWS,512,2,$0.00
TRUE,t3a.micro,AMD,1024,2,$0.08
TRUE,t4g.micro,AWS,1024,2,$0.01
TRUE,t3a.small,AMD,2048,2,$0.09
TRUE,t4g.small,AWS,2048,2,$0.02
TRUE,c5a.large,AMD,4096,2,$0.08
TRUE,c7a.large,AMD,4096,2,$0.10
TRUE,t3a.medium,AMD,4096,2,$0.11
TRUE,c5ad.large,AMD,4096,2,$0.15
TRUE,c6a.large,AMD,4096,2,$0.56
TRUE,t4g.medium,AWS,4096,2,$0.03
TRUE,c6g.large,AWS,4096,2,$0.07
TRUE,c7g.large,AWS,4096,2,$0.07
TRUE,c6gd.large,AWS,4096,2,$0.08
TRUE,c8g.large,AWS,4096,2,$0.08
TRUE,c7gd.large,AWS,4096,2,$0.09
TRUE,c8gd.large,AWS,4096,2,$0.10
TRUE,c8gn.large,AWS,4096,2,$0.12
TRUE,c7gn.large,AWS,4096,2,$0.12
TRUE,c5.large,Intel,4096,2,$0.09
TRUE,c7i.large,Intel,4096,2,$0.09
TRUE,c6id.large,Intel,4096,2,$0.10
TRUE,c7i-flex.large,Intel,4096,2,$0.15
TRUE,c5d.large,Intel,4096,2,$0.16
TRUE,c6i.large,Intel,4096,2,$0.57
TRUE,c6in.large,Intel,4096,2,$0.59
TRUE,c5n.large,Intel,5376,2,$0.11
TRUE,m6a.large,AMD,8192,2,$0.09
TRUE,t3a.large,AMD,8192,2,$0.14
TRUE,m5a.large,AMD,8192,2,$0.15
TRUE,m7a.large,AMD,8192,2,$0.18
TRUE,g6f.large,AMD,8192,2,$0.20
TRUE,m5ad.large,AMD,8192,2,$0.58
TRUE,t4g.large,AWS,8192,2,$0.07
TRUE,m6g.large,AWS,8192,2,$0.08
TRUE,m7g.large,AWS,8192,2,$0.08
TRUE,m8g.large,AWS,8192,2,$0.09
TRUE,m6gd.large,AWS,8192,2,$0.09
TRUE,m7gd.large,AWS,8192,2,$0.11
TRUE,m8gd.large,AWS,8192,2,$0.12
TRUE,im4gn.large,AWS,8192,2,$0.18
TRUE,m5d.large,Intel,8192,2,$0.11
TRUE,m6idn.large,Intel,8192,2,$0.16
TRUE,m7i-flex.large,Intel,8192,2,$0.16
TRUE,m6i.large,Intel,8192,2,$0.16
TRUE,m5.large,Intel,8192,2,$0.16
TRUE,m5n.large,Intel,8192,2,$0.19
TRUE,m6in.large,Intel,8192,2,$0.21
TRUE,m7i.large,Intel,8192,2,$0.58
TRUE,m6id.large,Intel,8192,2,$0.60
TRUE,m5dn.large,Intel,8192,2,$0.62
TRUE,m5zn.large,Intel,8192,2,$0.65
TRUE,is4gen.large,AWS,12288,2,$0.29
TRUE,i3.large,Intel,15616,2,$0.64
TRUE,r5a.large,AMD,16384,2,$0.18
TRUE,r6a.large,AMD,16384,2,$0.18
TRUE,r5ad.large,AMD,16384,2,$0.20
TRUE,r7a.large,AMD,16384,2,$0.22
TRUE,r6g.large,AWS,16384,2,$0.10
TRUE,r7g.large,AWS,16384,2,$0.11
TRUE,r6gd.large,AWS,16384,2,$0.12
TRUE,r8g.large,AWS,16384,2,$0.12
TRUE,r7gd.large,AWS,16384,2,$0.14
TRUE,r8gd.large,AWS,16384,2,$0.15
TRUE,i4g.large,AWS,16384,2,$0.15
TRUE,i8g.large,AWS,16384,2,$0.17
TRUE,r6i.large,Intel,16384,2,$0.13
TRUE,r7i.large,Intel,16384,2,$0.13
TRUE,r5b.large,Intel,16384,2,$0.15
TRUE,r5n.large,Intel,16384,2,$0.15
TRUE,r7iz.large,Intel,16384,2,$0.19
TRUE,z1d.large,Intel,16384,2,$0.19
TRUE,i7i.large,Intel,16384,2,$0.19
TRUE,r6idn.large,Intel,16384,2,$0.20
TRUE,r6id.large,Intel,16384,2,$0.22
TRUE,r5dn.large,Intel,16384,2,$0.24
TRUE,r6in.large,Intel,16384,2,$0.24
TRUE,i3en.large,Intel,16384,2,$0.29
TRUE,r5.large,Intel,16384,2,$0.61
TRUE,r5d.large,Intel,16384,2,$0.62
TRUE,i4i.large,Intel,16384,2,$0.65
TRUE,i7ie.large,Intel,16384,2,$0.74
TRUE,x2gd.large,AWS,32768,2,$0.17
TRUE,x8g.large,AWS,32768,2,$0.20
TRUE,c7a.xlarge,AMD,8192,4,$0.21
TRUE,c6a.xlarge,AMD,8192,4,$0.22
TRUE,c5a.xlarge,AMD,8192,4,$0.22
TRUE,c5ad.xlarge,AMD,8192,4,$1.67
TRUE,c6g.xlarge,AWS,8192,4,$0.14
TRUE,c7g.xlarge,AWS,8192,4,$0.15
TRUE,c6gd.xlarge,AWS,8192,4,$0.15
TRUE,c8g.xlarge,AWS,8192,4,$0.16
TRUE,c7gd.xlarge,AWS,8192,4,$0.18
TRUE,c8gd.xlarge,AWS,8192,4,$0.20
TRUE,c8gn.xlarge,AWS,8192,4,$0.24
TRUE,c7gn.xlarge,AWS,8192,4,$0.25
TRUE,g5g.xlarge,AWS,8192,4,$0.42
TRUE,c7i-flex.xlarge,Intel,8192,4,$0.17
TRUE,c5.xlarge,Intel,8192,4,$0.17
TRUE,c6in.xlarge,Intel,8192,4,$0.23
TRUE,c5d.xlarge,Intel,8192,4,$0.26
TRUE,inf1.xlarge,Intel,8192,4,$0.71
TRUE,c6i.xlarge,Intel,8192,4,$1.67
TRUE,c7i.xlarge,Intel,8192,4,$1.68
TRUE,c6id.xlarge,Intel,8192,4,$1.70
TRUE,c5n.xlarge,Intel,10752,4,$1.72
TRUE,m5a.xlarge,AMD,16384,4,$0.17
TRUE,m7a.xlarge,AMD,16384,4,$0.23
TRUE,g6f.xlarge,AMD,16384,4,$0.24
TRUE,m6a.xlarge,AMD,16384,4,$0.24
TRUE,g4ad.xlarge,AMD,16384,4,$0.38
TRUE,m5ad.xlarge,AMD,16384,4,$0.69
TRUE,inf2.xlarge,AMD,16384,4,$0.76
TRUE,g6.xlarge,AMD,16384,4,$0.80
TRUE,g5.xlarge,AMD,16384,4,$1.01
TRUE,t3a.xlarge,AMD,16384,4,$1.65
TRUE,t4g.xlarge,AWS,16384,4,$0.13
TRUE,m6g.xlarge,AWS,16384,4,$0.15
TRUE,m7g.xlarge,AWS,16384,4,$0.16
TRUE,m8g.xlarge,AWS,16384,4,$0.18
TRUE,m6gd.xlarge,AWS,16384,4,$0.18
TRUE,m7gd.xlarge,AWS,16384,4,$0.21
TRUE,m8gd.xlarge,AWS,16384,4,$0.23
TRUE,im4gn.xlarge,AWS,16384,4,$0.36
TRUE,m5.xlarge,Intel,16384,4,$0.19
TRUE,m6i.xlarge,Intel,16384,4,$0.19
TRUE,m5d.xlarge,Intel,16384,4,$0.23
TRUE,m7i-flex.xlarge,Intel,16384,4,$0.26
TRUE,m6in.xlarge,Intel,16384,4,$0.28
TRUE,g4dn.xlarge,Intel,16384,4,$0.53
TRUE,d3en.xlarge,Intel,16384,4,$0.59
TRUE,m6id.xlarge,Intel,16384,4,$0.72
TRUE,m5n.xlarge,Intel,16384,4,$0.72
TRUE,m5dn.xlarge,Intel,16384,4,$0.75
TRUE,m6idn.xlarge,Intel,16384,4,$0.80
TRUE,m5zn.xlarge,Intel,16384,4,$0.81
TRUE,m7i.xlarge,Intel,16384,4,$1.70
TRUE,is4gen.xlarge,AWS,24576,4,$0.58
TRUE,i3.xlarge,Intel,31232,4,$0.79
TRUE,r5a.xlarge,AMD,32768,4,$0.23
TRUE,r7a.xlarge,AMD,32768,4,$0.37
TRUE,r6a.xlarge,AMD,32768,4,$0.71
TRUE,r5ad.xlarge,AMD,32768,4,$1.76
TRUE,g6e.xlarge,AMD,32768,4,$1.86
TRUE,r6g.xlarge,AWS,32768,4,$0.20
TRUE,r7g.xlarge,AWS,32768,4,$0.21
TRUE,r6gd.xlarge,AWS,32768,4,$0.23
TRUE,r8g.xlarge,AWS,32768,4,$0.24
TRUE,r7gd.xlarge,AWS,32768,4,$0.27
TRUE,r8gd.xlarge,AWS,32768,4,$0.29
TRUE,i4g.xlarge,AWS,32768,4,$0.31
TRUE,i8g.xlarge,AWS,32768,4,$0.34
TRUE,r6i.xlarge,Intel,32768,4,$0.25
TRUE,r5.xlarge,Intel,32768,4,$0.32
TRUE,r5dn.xlarge,Intel,32768,4,$0.33
TRUE,r7iz.xlarge,Intel,32768,4,$0.37
TRUE,i4i.xlarge,Intel,32768,4,$0.41
TRUE,r6in.xlarge,Intel,32768,4,$0.42
TRUE,d3.xlarge,Intel,32768,4,$0.50
TRUE,i7ie.xlarge,Intel,32768,4,$0.59
TRUE,r7i.xlarge,Intel,32768,4,$0.74
TRUE,r5b.xlarge,Intel,32768,4,$0.78
TRUE,r5n.xlarge,Intel,32768,4,$0.78
TRUE,z1d.xlarge,Intel,32768,4,$0.85
TRUE,r6idn.xlarge,Intel,32768,4,$0.87
TRUE,i3en.xlarge,Intel,32768,4,$0.93
TRUE,r5d.xlarge,Intel,32768,4,$1.79
TRUE,r6id.xlarge,Intel,32768,4,$1.80
TRUE,i7i.xlarge,Intel,32768,4,$1.88
TRUE,x2gd.xlarge,AWS,65536,4,$0.33
TRUE,x8g.xlarge,AWS,65536,4,$0.39
TRUE,x1e.xlarge,Intel,124928,4,$2.33
TRUE,x2iedn.xlarge,Intel,131072,4,$0.90
TRUE,c6a.2xlarge,AMD,16384,8,$0.31
TRUE,c5a.2xlarge,AMD,16384,8,$0.44
TRUE,c5ad.2xlarge,AMD,16384,8,$0.48
TRUE,c7a.2xlarge,AMD,16384,8,$0.55
TRUE,mac2.metal,Apple,16384,8,N/A
TRUE,c6g.2xlarge,AWS,16384,8,$0.27
TRUE,c7g.2xlarge,AWS,16384,8,$0.29
TRUE,c6gd.2xlarge,AWS,16384,8,$0.31
TRUE,c8g.2xlarge,AWS,16384,8,$0.32
TRUE,c7gd.2xlarge,AWS,16384,8,$0.36
TRUE,c8gd.2xlarge,AWS,16384,8,$0.39
TRUE,c8gn.2xlarge,AWS,16384,8,$0.47
TRUE,c7gn.2xlarge,AWS,16384,8,$0.50
TRUE,g5g.2xlarge,AWS,16384,8,$0.56
TRUE,c6i.2xlarge,Intel,16384,8,$0.34
TRUE,c7i.2xlarge,Intel,16384,8,$0.36
TRUE,c5d.2xlarge,Intel,16384,8,$0.38
TRUE,c6in.2xlarge,Intel,16384,8,$0.45
TRUE,c7i-flex.2xlarge,Intel,16384,8,$0.47
TRUE,c5.2xlarge,Intel,16384,8,$0.48
TRUE,c6id.2xlarge,Intel,16384,8,$0.54
TRUE,inf1.2xlarge,Intel,16384,8,$1.32
TRUE,c5n.2xlarge,Intel,21504,8,$1.39
TRUE,mac2-m2.metal,Apple,24576,8,N/A
TRUE,g6f.2xlarge,AMD,32768,8,$0.48
TRUE,g4ad.2xlarge,AMD,32768,8,$0.54
TRUE,m5ad.2xlarge,AMD,32768,8,$0.55
TRUE,g6.2xlarge,AMD,32768,8,$0.98
TRUE,g5.2xlarge,AMD,32768,8,$1.21
TRUE,t3a.2xlarge,AMD,32768,8,$1.26
TRUE,m5a.2xlarge,AMD,32768,8,$1.30
TRUE,m7a.2xlarge,AMD,32768,8,$1.42
TRUE,m6a.2xlarge,AMD,32768,8,$3.35
TRUE,t4g.2xlarge,AWS,32768,8,$0.27
TRUE,m6g.2xlarge,AWS,32768,8,$0.31
TRUE,m7g.2xlarge,AWS,32768,8,$0.33
TRUE,m8g.2xlarge,AWS,32768,8,$0.36
TRUE,m6gd.2xlarge,AWS,32768,8,$0.36
TRUE,m7gd.2xlarge,AWS,32768,8,$0.43
TRUE,m8gd.2xlarge,AWS,32768,8,$0.46
TRUE,im4gn.2xlarge,AWS,32768,8,$0.73
TRUE,m6i.2xlarge,Intel,32768,8,$0.38
TRUE,m7i.2xlarge,Intel,32768,8,$0.40
TRUE,m6id.2xlarge,Intel,32768,8,$0.61
TRUE,m5n.2xlarge,Intel,32768,8,$0.61
TRUE,g4dn.2xlarge,Intel,32768,8,$0.75
TRUE,m6idn.2xlarge,Intel,32768,8,$0.77
TRUE,d3en.2xlarge,Intel,32768,8,$1.05
TRUE,m7i-flex.2xlarge,Intel,32768,8,$1.34
TRUE,trn1.2xlarge,Intel,32768,8,$1.34
TRUE,m5zn.2xlarge,Intel,32768,8,$1.62
TRUE,m5.2xlarge,Intel,32768,8,$3.38
TRUE,m5d.2xlarge,Intel,32768,8,$3.45
TRUE,h1.2xlarge,Intel,32768,8,$3.47
TRUE,m5dn.2xlarge,Intel,32768,8,$3.54
TRUE,m6in.2xlarge,Intel,32768,8,$3.56
TRUE,is4gen.2xlarge,AWS,49152,8,$1.15
TRUE,i3.2xlarge,Intel,62464,8,$1.58
TRUE,p3.2xlarge,Intel,62464,8,$3.06
TRUE,r6a.2xlarge,AMD,65536,8,$0.59
TRUE,r5ad.2xlarge,AMD,65536,8,$0.66
TRUE,r7a.2xlarge,AMD,65536,8,$0.74
TRUE,r5a.2xlarge,AMD,65536,8,$1.41
TRUE,g6e.2xlarge,AMD,65536,8,$2.24
TRUE,r6g.2xlarge,AWS,65536,8,$0.40
TRUE,r7g.2xlarge,AWS,65536,8,$0.43
TRUE,r6gd.2xlarge,AWS,65536,8,$0.46
TRUE,r8g.2xlarge,AWS,65536,8,$0.47
TRUE,r7gd.2xlarge,AWS,65536,8,$0.54
TRUE,r8gd.2xlarge,AWS,65536,8,$0.59
TRUE,i4g.2xlarge,AWS,65536,8,$0.62
TRUE,i8g.2xlarge,AWS,65536,8,$0.69
TRUE,r7i.2xlarge,Intel,65536,8,$0.53
TRUE,r5n.2xlarge,Intel,65536,8,$0.60
TRUE,r5.2xlarge,Intel,65536,8,$0.64
TRUE,r6i.2xlarge,Intel,65536,8,$0.64
TRUE,i4i.2xlarge,Intel,65536,8,$0.69
TRUE,r6idn.2xlarge,Intel,65536,8,$0.78
TRUE,i7i.2xlarge,Intel,65536,8,$0.89
TRUE,d3.2xlarge,Intel,65536,8,$1.00
TRUE,i7ie.2xlarge,Intel,65536,8,$1.17
TRUE,r6id.2xlarge,Intel,65536,8,$1.56
TRUE,r5dn.2xlarge,Intel,65536,8,$1.63
TRUE,z1d.2xlarge,Intel,65536,8,$1.70
TRUE,r5d.2xlarge,Intel,65536,8,$3.58
TRUE,r5b.2xlarge,Intel,65536,8,$3.60
TRUE,r6in.2xlarge,Intel,65536,8,$3.70
TRUE,r7iz.2xlarge,Intel,65536,8,$3.74
TRUE,i3en.2xlarge,Intel,65536,8,$3.90
TRUE,f1.2xlarge,Intel,124928,8,$1.65
TRUE,x2gd.2xlarge,AWS,131072,8,$0.67
TRUE,x8g.2xlarge,AWS,131072,8,$0.78
TRUE,x1e.2xlarge,Intel,249856,8,$2.63
TRUE,x2iedn.2xlarge,Intel,262144,8,$4.67
TRUE,x2iezn.2xlarge,Intel,262144,8,$4.67
TRUE,vt1.3xlarge,Intel,24576,12,$0.65
TRUE,mac2-m2pro.metal,Apple,32768,12,N/A
TRUE,mac1.metal,Intel,32768,12,N/A
TRUE,m5zn.3xlarge,Intel,49152,12,$2.43
TRUE,z1d.3xlarge,Intel,98304,12,$1.12
TRUE,i3en.3xlarge,Intel,98304,12,$1.36
TRUE,i7ie.3xlarge,Intel,98304,12,$1.56
TRUE,c6a.4xlarge,AMD,32768,16,$0.88
TRUE,c7a.4xlarge,AMD,32768,16,$1.09
TRUE,c5a.4xlarge,AMD,32768,16,$2.54
TRUE,c5ad.4xlarge,AMD,32768,16,$2.61
TRUE,c6g.4xlarge,AWS,32768,16,$0.54
TRUE,c7g.4xlarge,AWS,32768,16,$0.58
TRUE,c6gd.4xlarge,AWS,32768,16,$0.61
TRUE,c8g.4xlarge,AWS,32768,16,$0.64
TRUE,c7gd.4xlarge,AWS,32768,16,$0.73
TRUE,c8gd.4xlarge,AWS,32768,16,$0.78
TRUE,g5g.4xlarge,AWS,32768,16,$0.83
TRUE,c8gn.4xlarge,AWS,32768,16,$0.95
TRUE,c7gn.4xlarge,AWS,32768,16,$1.00
TRUE,c7i-flex.4xlarge,Intel,32768,16,$0.68
TRUE,c6i.4xlarge,Intel,32768,16,$0.68
TRUE,c6id.4xlarge,Intel,32768,16,$0.81
TRUE,c7i.4xlarge,Intel,32768,16,$0.98
TRUE,c5d.4xlarge,Intel,32768,16,$2.69
TRUE,c6in.4xlarge,Intel,32768,16,$2.83
TRUE,c5.4xlarge,Intel,32768,16,$6.68
TRUE,c5n.4xlarge,Intel,43008,16,$1.13
TRUE,g4ad.4xlarge,AMD,65536,16,$0.87
TRUE,g6f.4xlarge,AMD,65536,16,$0.95
TRUE,m5a.4xlarge,AMD,65536,16,$0.96
TRUE,m5ad.4xlarge,AMD,65536,16,$1.09
TRUE,m7a.4xlarge,AMD,65536,16,$1.20
TRUE,g6.4xlarge,AMD,65536,16,$1.32
TRUE,g5.4xlarge,AMD,65536,16,$1.62
TRUE,m6a.4xlarge,AMD,65536,16,$6.69
TRUE,m6g.4xlarge,AWS,65536,16,$0.62
TRUE,m7g.4xlarge,AWS,65536,16,$0.65
TRUE,m8g.4xlarge,AWS,65536,16,$0.72
TRUE,m6gd.4xlarge,AWS,65536,16,$0.72
TRUE,m7gd.4xlarge,AWS,65536,16,$0.85
TRUE,m8gd.4xlarge,AWS,65536,16,$0.92
TRUE,im4gn.4xlarge,AWS,65536,16,$1.46
TRUE,g4dn.4xlarge,Intel,65536,16,$1.20
TRUE,m5dn.4xlarge,Intel,65536,16,$1.36
TRUE,m6idn.4xlarge,Intel,65536,16,$1.54
TRUE,m6i.4xlarge,Intel,65536,16,$2.69
TRUE,m6id.4xlarge,Intel,65536,16,$2.87
TRUE,m6in.4xlarge,Intel,65536,16,$3.03
TRUE,d3en.4xlarge,Intel,65536,16,$4.02
TRUE,m7i-flex.4xlarge,Intel,65536,16,$6.77
TRUE,m5.4xlarge,Intel,65536,16,$6.77
TRUE,m7i.4xlarge,Intel,65536,16,$6.81
TRUE,m5d.4xlarge,Intel,65536,16,$6.90
TRUE,h1.4xlarge,Intel,65536,16,$6.94
TRUE,m5n.4xlarge,Intel,65536,16,$6.95
TRUE,is4gen.4xlarge,AWS,98304,16,$2.31
TRUE,i3.4xlarge,Intel,124928,16,$1.25
TRUE,r5a.4xlarge,AMD,131072,16,$0.90
TRUE,r6a.4xlarge,AMD,131072,16,$0.91
TRUE,gr6f.4xlarge,AMD,131072,16,$1.07
TRUE,gr6.4xlarge,AMD,131072,16,$1.54
TRUE,g6e.4xlarge,AMD,131072,16,$3.00
TRUE,r5ad.4xlarge,AMD,131072,16,$7.05
TRUE,r7a.4xlarge,AMD,131072,16,$7.22
TRUE,r6g.4xlarge,AWS,131072,16,$0.81
TRUE,r7g.4xlarge,AWS,131072,16,$0.86
TRUE,r6gd.4xlarge,AWS,131072,16,$0.92
TRUE,r8g.4xlarge,AWS,131072,16,$0.94
TRUE,r7gd.4xlarge,AWS,131072,16,$1.09
TRUE,r8gd.4xlarge,AWS,131072,16,$1.18
TRUE,i4g.4xlarge,AWS,131072,16,$1.24
TRUE,i8g.4xlarge,AWS,131072,16,$1.37
TRUE,hpc7g.4xlarge,AWS,131072,16,$1.68
TRUE,r6i.4xlarge,Intel,131072,16,$1.28
TRUE,r5n.4xlarge,Intel,131072,16,$1.46
TRUE,r5b.4xlarge,Intel,131072,16,$1.46
TRUE,r5dn.4xlarge,Intel,131072,16,$1.61
TRUE,d3.4xlarge,Intel,131072,16,$2.00
TRUE,r7i.4xlarge,Intel,131072,16,$2.98
TRUE,r5d.4xlarge,Intel,131072,16,$3.07
TRUE,i4i.4xlarge,Intel,131072,16,$3.29
TRUE,r7iz.4xlarge,Intel,131072,16,$3.41
TRUE,r5.4xlarge,Intel,131072,16,$7.01
TRUE,r6id.4xlarge,Intel,131072,16,$7.21
TRUE,r6in.4xlarge,Intel,131072,16,$7.39
TRUE,i7i.4xlarge,Intel,131072,16,$7.51
TRUE,r6idn.4xlarge,Intel,131072,16,$7.56
TRUE,f1.4xlarge,Intel,249856,16,$3.30
TRUE,x2gd.4xlarge,AWS,262144,16,$1.34
TRUE,x8g.4xlarge,AWS,262144,16,$1.56
TRUE,x1e.4xlarge,Intel,499712,16,$9.34
TRUE,x2iedn.4xlarge,Intel,524288,16,$3.33
TRUE,x2iezn.4xlarge,Intel,524288,16,$3.34
TRUE,mac2-m1ultra.metal,Apple,131072,20,N/A
TRUE,inf1.6xlarge,Intel,49152,24,$1.18
TRUE,vt1.6xlarge,Intel,49152,24,$1.30
TRUE,d3en.6xlarge,Intel,98304,24,$3.56
TRUE,m5zn.6xlarge,Intel,98304,24,$4.86
TRUE,z1d.6xlarge,Intel,196608,24,$2.23
TRUE,i3en.6xlarge,Intel,196608,24,$2.71
TRUE,i7ie.6xlarge,Intel,196608,24,$3.12
TRUE,f2.6xlarge,AMD,262144,24,$1.98
TRUE,x2iezn.6xlarge,Intel,786432,24,$7.88
TRUE,c7a.8xlarge,AMD,65536,32,$1.64
TRUE,c6a.8xlarge,AMD,65536,32,$1.76
TRUE,c5ad.8xlarge,AMD,65536,32,$1.92
TRUE,c5a.8xlarge,AMD,65536,32,$5.07
TRUE,c6g.8xlarge,AWS,65536,32,$1.09
TRUE,c7g.8xlarge,AWS,65536,32,$1.16
TRUE,c6gd.8xlarge,AWS,65536,32,$1.23
TRUE,c8g.8xlarge,AWS,65536,32,$1.28
TRUE,g5g.8xlarge,AWS,65536,32,$1.37
TRUE,c7gd.8xlarge,AWS,65536,32,$1.45
TRUE,c8gd.8xlarge,AWS,65536,32,$1.57
TRUE,c8gn.8xlarge,AWS,65536,32,$1.90
TRUE,c7gn.8xlarge,AWS,65536,32,$2.00
TRUE,c6i.8xlarge,Intel,65536,32,$1.36
TRUE,c7i.8xlarge,Intel,65536,32,$1.43
TRUE,c6in.8xlarge,Intel,65536,32,$1.81
TRUE,c7i-flex.8xlarge,Intel,65536,32,$1.90
TRUE,c6id.8xlarge,Intel,65536,32,$5.45
TRUE,m5a.8xlarge,AMD,131072,32,$1.38
TRUE,m6a.8xlarge,AMD,131072,32,$1.38
TRUE,m5ad.8xlarge,AMD,131072,32,$1.65
TRUE,g4ad.8xlarge,AMD,131072,32,$1.73
TRUE,m7a.8xlarge,AMD,131072,32,$1.85
TRUE,inf2.8xlarge,AMD,131072,32,$1.97
TRUE,g6.8xlarge,AMD,131072,32,$2.01
TRUE,g5.8xlarge,AMD,131072,32,$2.45
TRUE,m6g.8xlarge,AWS,131072,32,$1.23
TRUE,m7g.8xlarge,AWS,131072,32,$1.31
TRUE,m8g.8xlarge,AWS,131072,32,$1.44
TRUE,m6gd.8xlarge,AWS,131072,32,$1.45
TRUE,hpc7g.8xlarge,AWS,131072,32,$1.68
TRUE,m7gd.8xlarge,AWS,131072,32,$1.71
TRUE,m8gd.8xlarge,AWS,131072,32,$1.85
TRUE,im4gn.8xlarge,AWS,131072,32,$2.91
TRUE,m7i.8xlarge,Intel,131072,32,$1.61
TRUE,h1.8xlarge,Intel,131072,32,$1.87
TRUE,m6id.8xlarge,Intel,131072,32,$1.90
TRUE,m5n.8xlarge,Intel,131072,32,$1.90
TRUE,g4dn.8xlarge,Intel,131072,32,$2.18
TRUE,m6in.8xlarge,Intel,131072,32,$2.23
TRUE,m6idn.8xlarge,Intel,131072,32,$2.55
TRUE,m5dn.8xlarge,Intel,131072,32,$2.72
TRUE,d3en.8xlarge,Intel,131072,32,$4.21
TRUE,m7i-flex.8xlarge,Intel,131072,32,$5.37
TRUE,m5.8xlarge,Intel,131072,32,$5.38
TRUE,m6i.8xlarge,Intel,131072,32,$5.38
TRUE,m5d.8xlarge,Intel,131072,32,$5.65
TRUE,is4gen.8xlarge,AWS,196608,32,$4.61
TRUE,i3.8xlarge,Intel,249856,32,$3.04
TRUE,p3.8xlarge,Intel,249856,32,$12.24
TRUE,r5a.8xlarge,AMD,262144,32,$1.81
TRUE,r6a.8xlarge,AMD,262144,32,$1.81
TRUE,r7a.8xlarge,AMD,262144,32,$2.43
TRUE,gr6.8xlarge,AMD,262144,32,$2.45
TRUE,r5ad.8xlarge,AMD,262144,32,$2.64
TRUE,g6e.8xlarge,AMD,262144,32,$4.53
TRUE,r6g.8xlarge,AWS,262144,32,$1.61
TRUE,r7g.8xlarge,AWS,262144,32,$1.71
TRUE,r6gd.8xlarge,AWS,262144,32,$1.84
TRUE,r8g.8xlarge,AWS,262144,32,$1.89
TRUE,r7gd.8xlarge,AWS,262144,32,$2.18
TRUE,r8gd.8xlarge,AWS,262144,32,$2.35
TRUE,i4g.8xlarge,AWS,262144,32,$2.47
TRUE,i8g.8xlarge,AWS,262144,32,$2.75
TRUE,r5.8xlarge,Intel,262144,32,$2.02
TRUE,r7i.8xlarge,Intel,262144,32,$2.12
TRUE,r5d.8xlarge,Intel,262144,32,$2.30
TRUE,r5n.8xlarge,Intel,262144,32,$2.38
TRUE,r6i.8xlarge,Intel,262144,32,$2.56
TRUE,r5b.8xlarge,Intel,262144,32,$2.92
TRUE,r6idn.8xlarge,Intel,262144,32,$3.13
TRUE,r6in.8xlarge,Intel,262144,32,$3.33
TRUE,r7iz.8xlarge,Intel,262144,32,$3.52
TRUE,i7i.8xlarge,Intel,262144,32,$3.56
TRUE,d3.8xlarge,Intel,262144,32,$4.00
TRUE,r6id.8xlarge,Intel,262144,32,$6.26
TRUE,r5dn.8xlarge,Intel,262144,32,$6.51
TRUE,i4i.8xlarge,Intel,262144,32,$6.59
TRUE,x2gd.8xlarge,AWS,524288,32,$2.67
TRUE,x8g.8xlarge,AWS,524288,32,$3.13
TRUE,x1e.8xlarge,Intel,999424,32,$6.67
TRUE,x2iedn.8xlarge,Intel,1048576,32,$6.67
TRUE,x2iezn.8xlarge,Intel,1048576,32,$7.21
TRUE,c5.9xlarge,Intel,73728,36,$1.53
TRUE,c5d.9xlarge,Intel,73728,36,$1.73
TRUE,c5n.9xlarge,Intel,98304,36,$6.26
TRUE,c5ad.12xlarge,AMD,98304,48,$2.06
TRUE,c5a.12xlarge,AMD,98304,48,$2.66
TRUE,c7a.12xlarge,AMD,98304,48,$3.27
TRUE,c6a.12xlarge,AMD,98304,48,$7.60
TRUE,c6g.12xlarge,AWS,98304,48,$1.63
TRUE,c7g.12xlarge,AWS,98304,48,$1.74
TRUE,c6gd.12xlarge,AWS,98304,48,$1.84
TRUE,c8g.12xlarge,AWS,98304,48,$1.91
TRUE,c7gd.12xlarge,AWS,98304,48,$2.18
TRUE,c8gd.12xlarge,AWS,98304,48,$2.35
TRUE,c8gn.12xlarge,AWS,98304,48,$2.84
TRUE,c7gn.12xlarge,AWS,98304,48,$3.00
TRUE,c6i.12xlarge,Intel,98304,48,$2.04
TRUE,c5d.12xlarge,Intel,98304,48,$2.30
TRUE,c6id.12xlarge,Intel,98304,48,$2.42
TRUE,c7i-flex.12xlarge,Intel,98304,48,$2.85
TRUE,c7i.12xlarge,Intel,98304,48,$2.95
TRUE,c5.12xlarge,Intel,98304,48,$7.80
TRUE,c6in.12xlarge,Intel,98304,48,$8.48
TRUE,m5a.12xlarge,AMD,196608,48,$2.06
TRUE,m7a.12xlarge,AMD,196608,48,$2.78
TRUE,g6.12xlarge,AMD,196608,48,$4.60
TRUE,g5.12xlarge,AMD,196608,48,$5.67
TRUE,m6a.12xlarge,AMD,196608,48,$7.83
TRUE,m5ad.12xlarge,AMD,196608,48,$8.23
TRUE,m6g.12xlarge,AWS,196608,48,$1.85
TRUE,m7g.12xlarge,AWS,196608,48,$1.96
TRUE,m8g.12xlarge,AWS,196608,48,$2.15
TRUE,m6gd.12xlarge,AWS,196608,48,$2.17
TRUE,m7gd.12xlarge,AWS,196608,48,$2.56
TRUE,m8gd.12xlarge,AWS,196608,48,$2.77
TRUE,m7i-flex.12xlarge,Intel,196608,48,$2.30
TRUE,m7i.12xlarge,Intel,196608,48,$2.42
TRUE,m5d.12xlarge,Intel,196608,48,$2.71
TRUE,m6id.12xlarge,Intel,196608,48,$2.85
TRUE,m5.12xlarge,Intel,196608,48,$3.12
TRUE,m6i.12xlarge,Intel,196608,48,$3.12
TRUE,m6in.12xlarge,Intel,196608,48,$3.34
TRUE,m6idn.12xlarge,Intel,196608,48,$3.82
TRUE,g4dn.12xlarge,Intel,196608,48,$3.91
TRUE,m5zn.12xlarge,Intel,196608,48,$3.96
TRUE,d3en.12xlarge,Intel,196608,48,$7.12
TRUE,m5n.12xlarge,Intel,196608,48,$8.62
TRUE,m5dn.12xlarge,Intel,196608,48,$9.02
TRUE,m5zn.metal,Intel,196608,48,N/A
TRUE,r5ad.12xlarge,AMD,393216,48,$3.14
TRUE,r5a.12xlarge,AMD,393216,48,$3.52
TRUE,r6a.12xlarge,AMD,393216,48,$8.48
TRUE,r7a.12xlarge,AMD,393216,48,$9.41
TRUE,g6e.12xlarge,AMD,393216,48,$10.49
TRUE,r6g.12xlarge,AWS,393216,48,$2.42
TRUE,r7g.12xlarge,AWS,393216,48,$2.57
TRUE,r6gd.12xlarge,AWS,393216,48,$2.76
TRUE,r8g.12xlarge,AWS,393216,48,$2.83
TRUE,r7gd.12xlarge,AWS,393216,48,$3.27
TRUE,r8gd.12xlarge,AWS,393216,48,$3.53
TRUE,i8g.12xlarge,AWS,393216,48,$4.12
TRUE,r5.12xlarge,Intel,393216,48,$3.02
TRUE,r7i.12xlarge,Intel,393216,48,$3.18
TRUE,r5b.12xlarge,Intel,393216,48,$3.58
TRUE,r6id.12xlarge,Intel,393216,48,$3.63
TRUE,r5dn.12xlarge,Intel,393216,48,$4.01
TRUE,r5d.12xlarge,Intel,393216,48,$4.27
TRUE,r5n.12xlarge,Intel,393216,48,$4.39
TRUE,z1d.12xlarge,Intel,393216,48,$4.46
TRUE,i7i.12xlarge,Intel,393216,48,$4.53
TRUE,r6idn.12xlarge,Intel,393216,48,$4.69
TRUE,i4i.12xlarge,Intel,393216,48,$4.93
TRUE,r7iz.12xlarge,Intel,393216,48,$5.28
TRUE,i3en.12xlarge,Intel,393216,48,$5.42
TRUE,i7ie.12xlarge,Intel,393216,48,$6.24
TRUE,r6i.12xlarge,Intel,393216,48,$8.78
TRUE,r6in.12xlarge,Intel,393216,48,$9.94
TRUE,z1d.metal,Intel,393216,48,N/A
TRUE,f2.12xlarge,AMD,524288,48,$3.96
TRUE,x2gd.12xlarge,AWS,786432,48,$4.01
TRUE,x8g.12xlarge,AWS,786432,48,$4.69
TRUE,x2iezn.12xlarge,Intel,1572864,48,$10.01
TRUE,x2iezn.metal,Intel,1572864,48,N/A
TRUE,c6a.16xlarge,AMD,131072,64,$2.45
TRUE,c5a.16xlarge,AMD,131072,64,$2.46
TRUE,c7a.16xlarge,AMD,131072,64,$3.28
TRUE,c5ad.16xlarge,AMD,131072,64,$3.83
TRUE,hpc7g.16xlarge,AWS,131072,64,$1.68
TRUE,c6g.16xlarge,AWS,131072,64,$2.18
TRUE,c7g.16xlarge,AWS,131072,64,$2.32
TRUE,c6gd.16xlarge,AWS,131072,64,$2.46
TRUE,c8g.16xlarge,AWS,131072,64,$2.55
TRUE,g5g.16xlarge,AWS,131072,64,$2.74
TRUE,c7gd.16xlarge,AWS,131072,64,$2.90
TRUE,c8gd.16xlarge,AWS,131072,64,$3.14
TRUE,c8gn.16xlarge,AWS,131072,64,$3.79
TRUE,c7gn.16xlarge,AWS,131072,64,$3.99
TRUE,c6g.metal,AWS,131072,64,N/A
TRUE,c6gd.metal,AWS,131072,64,N/A
TRUE,c7g.metal,AWS,131072,64,N/A
TRUE,c7gd.metal,AWS,131072,64,N/A
TRUE,c7gn.metal,AWS,131072,64,N/A
TRUE,g5g.metal,AWS,131072,64,N/A
TRUE,c7i-flex.16xlarge,Intel,131072,64,$2.71
TRUE,c6id.16xlarge,Intel,131072,64,$3.23
TRUE,c6in.16xlarge,Intel,131072,64,$3.63
TRUE,c6i.16xlarge,Intel,131072,64,$3.80
TRUE,c7i.16xlarge,Intel,131072,64,$3.94
TRUE,m5a.16xlarge,AMD,262144,64,$2.75
TRUE,m5ad.16xlarge,AMD,262144,64,$3.30
TRUE,g6.16xlarge,AMD,262144,64,$3.40
TRUE,g4ad.16xlarge,AMD,262144,64,$3.47
TRUE,m7a.16xlarge,AMD,262144,64,$3.71
TRUE,m6a.16xlarge,AMD,262144,64,$3.85
TRUE,g5.16xlarge,AMD,262144,64,$4.10
TRUE,m6g.16xlarge,AWS,262144,64,$2.46
TRUE,m7g.16xlarge,AWS,262144,64,$2.61
TRUE,m8g.16xlarge,AWS,262144,64,$2.87
TRUE,m6gd.16xlarge,AWS,262144,64,$2.89
TRUE,m7gd.16xlarge,AWS,262144,64,$3.42
TRUE,m8gd.16xlarge,AWS,262144,64,$3.69
TRUE,im4gn.16xlarge,AWS,262144,64,$5.82
TRUE,m6g.metal,AWS,262144,64,N/A
TRUE,m6gd.metal,AWS,262144,64,N/A
TRUE,m7g.metal,AWS,262144,64,N/A
TRUE,m7gd.metal,AWS,262144,64,N/A
TRUE,m7i-flex.16xlarge,Intel,262144,64,$3.06
TRUE,m5.16xlarge,Intel,262144,64,$3.07
TRUE,m6i.16xlarge,Intel,262144,64,$3.07
TRUE,m7i.16xlarge,Intel,262144,64,$3.23
TRUE,m5d.16xlarge,Intel,262144,64,$3.62
TRUE,m6id.16xlarge,Intel,262144,64,$3.80
TRUE,m5n.16xlarge,Intel,262144,64,$3.81
TRUE,g4dn.16xlarge,Intel,262144,64,$4.35
TRUE,m5dn.16xlarge,Intel,262144,64,$4.35
TRUE,h1.16xlarge,Intel,262144,64,$4.83
TRUE,m6idn.16xlarge,Intel,262144,64,$5.09
TRUE,m6in.16xlarge,Intel,262144,64,$5.54
TRUE,i3.16xlarge,Intel,499712,64,$4.99
TRUE,p3.16xlarge,Intel,499712,64,$24.48
TRUE,r5a.16xlarge,AMD,524288,64,$3.62
TRUE,r6a.16xlarge,AMD,524288,64,$3.63
TRUE,r5ad.16xlarge,AMD,524288,64,$4.19
TRUE,r7a.16xlarge,AMD,524288,64,$4.87
TRUE,g6e.16xlarge,AMD,524288,64,$7.58
TRUE,r6g.16xlarge,AWS,524288,64,$3.23
TRUE,r7g.16xlarge,AWS,524288,64,$3.43
TRUE,r6gd.16xlarge,AWS,524288,64,$3.69
TRUE,r8g.16xlarge,AWS,524288,64,$3.77
TRUE,r7gd.16xlarge,AWS,524288,64,$4.35
TRUE,r8gd.16xlarge,AWS,524288,64,$4.70
TRUE,i4g.16xlarge,AWS,524288,64,$4.94
TRUE,i8g.16xlarge,AWS,524288,64,$5.49
TRUE,r6g.metal,AWS,524288,64,N/A
TRUE,r6gd.metal,AWS,524288,64,N/A
TRUE,r7g.metal,AWS,524288,64,N/A
TRUE,r7gd.metal,AWS,524288,64,N/A
TRUE,r5.16xlarge,Intel,524288,64,$4.03
TRUE,r6i.16xlarge,Intel,524288,64,$4.03
TRUE,r7i.16xlarge,Intel,524288,64,$4.23
TRUE,r5d.16xlarge,Intel,524288,64,$4.61
TRUE,r5b.16xlarge,Intel,524288,64,$4.77
TRUE,r5n.16xlarge,Intel,524288,64,$4.77
TRUE,r6id.16xlarge,Intel,524288,64,$4.84
TRUE,r5dn.16xlarge,Intel,524288,64,$5.34
TRUE,i4i.16xlarge,Intel,524288,64,$5.49
TRUE,r6in.16xlarge,Intel,524288,64,$5.58
TRUE,r7iz.16xlarge,Intel,524288,64,$5.95
TRUE,i7i.16xlarge,Intel,524288,64,$6.04
TRUE,r6idn.16xlarge,Intel,524288,64,$6.25
TRUE,r7iz.metal-16xl,Intel,524288,64,N/A
TRUE,x1.16xlarge,Intel,999424,64,$6.67
TRUE,f1.16xlarge,Intel,999424,64,$13.20
TRUE,x2gd.16xlarge,AWS,1048576,64,$5.34
TRUE,x8g.16xlarge,AWS,1048576,64,$6.25
TRUE,x2gd.metal,AWS,1048576,64,N/A
TRUE,x2idn.16xlarge,Intel,1048576,64,$6.67
TRUE,x1e.16xlarge,Intel,1998848,64,$13.34
TRUE,x2iedn.16xlarge,Intel,2097152,64,$13.34
TRUE,c5.18xlarge,Intel,147456,72,$3.06
TRUE,c5d.18xlarge,Intel,147456,72,$3.46
TRUE,c5n.18xlarge,Intel,196608,72,$3.89
TRUE,c5n.metal,Intel,196608,72,N/A
TRUE,i7ie.18xlarge,Intel,589824,72,$9.36
TRUE,c6a.24xlarge,AMD,196608,96,$3.67
TRUE,c5a.24xlarge,AMD,196608,96,$3.70
TRUE,c5ad.24xlarge,AMD,196608,96,$4.13
TRUE,c7a.24xlarge,AMD,196608,96,$4.93
TRUE,c8g.24xlarge,AWS,196608,96,$3.83
TRUE,c8gd.24xlarge,AWS,196608,96,$4.70
TRUE,c8gn.24xlarge,AWS,196608,96,$5.69
TRUE,c8g.metal-24xl,AWS,196608,96,N/A
TRUE,c8gd.metal-24xl,AWS,196608,96,N/A
TRUE,c8gn.metal-24xl,AWS,196608,96,N/A
TRUE,c5.24xlarge,Intel,196608,96,$4.08
TRUE,c6i.24xlarge,Intel,196608,96,$4.08
TRUE,c7i.24xlarge,Intel,196608,96,$4.28
TRUE,c5d.24xlarge,Intel,196608,96,$4.61
TRUE,inf1.24xlarge,Intel,196608,96,$4.72
TRUE,c6id.24xlarge,Intel,196608,96,$4.84
TRUE,vt1.24xlarge,Intel,196608,96,$5.20
TRUE,c6in.24xlarge,Intel,196608,96,$5.44
TRUE,c5.metal,Intel,196608,96,N/A
TRUE,c5d.metal,Intel,196608,96,N/A
TRUE,c7i.metal-24xl,Intel,196608,96,N/A
TRUE,m5a.24xlarge,AMD,393216,96,$4.13
TRUE,m6a.24xlarge,AMD,393216,96,$4.15
TRUE,m5ad.24xlarge,AMD,393216,96,$4.94
TRUE,r5a.24xlarge,AMD,393216,96,$5.42
TRUE,m7a.24xlarge,AMD,393216,96,$5.56
TRUE,inf2.24xlarge,AMD,393216,96,$6.49
TRUE,g6.24xlarge,AMD,393216,96,$6.68
TRUE,g5.24xlarge,AMD,393216,96,$8.14
TRUE,m8g.24xlarge,AWS,393216,96,$4.31
TRUE,m8gd.24xlarge,AWS,393216,96,$5.54
TRUE,m8g.metal-24xl,AWS,393216,96,N/A
TRUE,m8gd.metal-24xl,AWS,393216,96,N/A
TRUE,m5.24xlarge,Intel,393216,96,$4.61
TRUE,m6i.24xlarge,Intel,393216,96,$4.61
TRUE,m7i.24xlarge,Intel,393216,96,$4.84
TRUE,m5d.24xlarge,Intel,393216,96,$5.42
TRUE,m6id.24xlarge,Intel,393216,96,$5.70
TRUE,m5n.24xlarge,Intel,393216,96,$5.71
TRUE,m5dn.24xlarge,Intel,393216,96,$6.53
TRUE,m6in.24xlarge,Intel,393216,96,$6.68
TRUE,m6idn.24xlarge,Intel,393216,96,$7.64
TRUE,g4dn.metal,Intel,393216,96,N/A
TRUE,m5.metal,Intel,393216,96,N/A
TRUE,m5d.metal,Intel,393216,96,N/A
TRUE,m5dn.metal,Intel,393216,96,N/A
TRUE,m5n.metal,Intel,393216,96,N/A
TRUE,m7i.metal-24xl,Intel,393216,96,N/A
TRUE,r6a.24xlarge,AMD,786432,96,$5.44
TRUE,r5ad.24xlarge,AMD,786432,96,$6.29
TRUE,r7a.24xlarge,AMD,786432,96,$7.30
TRUE,g6e.24xlarge,AMD,786432,96,$15.07
TRUE,r8g.24xlarge,AWS,786432,96,$5.66
TRUE,r8gd.24xlarge,AWS,786432,96,$7.05
TRUE,i8g.24xlarge,AWS,786432,96,$8.24
TRUE,i8g.metal-24xl,AWS,786432,96,N/A
TRUE,r8g.metal-24xl,AWS,786432,96,N/A
TRUE,r8gd.metal-24xl,AWS,786432,96,N/A
TRUE,r5.24xlarge,Intel,786432,96,$6.05
TRUE,r6i.24xlarge,Intel,786432,96,$6.05
TRUE,r7i.24xlarge,Intel,786432,96,$6.35
TRUE,r5d.24xlarge,Intel,786432,96,$6.91
TRUE,r5b.24xlarge,Intel,786432,96,$7.15
TRUE,r5n.24xlarge,Intel,786432,96,$7.15
TRUE,r6id.24xlarge,Intel,786432,96,$7.26
TRUE,r5dn.24xlarge,Intel,786432,96,$8.02
TRUE,i4i.24xlarge,Intel,786432,96,$8.24
TRUE,r6in.24xlarge,Intel,786432,96,$8.37
TRUE,i7i.24xlarge,Intel,786432,96,$9.06
TRUE,r6idn.24xlarge,Intel,786432,96,$9.38
TRUE,i3en.24xlarge,Intel,786432,96,$10.85
TRUE,i7ie.24xlarge,Intel,786432,96,$12.48
TRUE,dl1.24xlarge,Intel,786432,96,$13.11
TRUE,p3dn.24xlarge,Intel,786432,96,$31.21
TRUE,i3en.metal,Intel,786432,96,N/A
TRUE,i7i.metal-24xl,Intel,786432,96,N/A
TRUE,i7ie.metal-24xl,Intel,786432,96,N/A
TRUE,r5.metal,Intel,786432,96,N/A
TRUE,r5b.metal,Intel,786432,96,N/A
TRUE,r5d.metal,Intel,786432,96,N/A
TRUE,r5dn.metal,Intel,786432,96,N/A
TRUE,r5n.metal,Intel,786432,96,N/A
TRUE,r7i.metal-24xl,Intel,786432,96,N/A
TRUE,p4d.24xlarge,Intel,1179648,96,$21.96
TRUE,p4de.24xlarge,Intel,1179648,96,$27.45
TRUE,x8g.24xlarge,AWS,1572864,96,$9.38
TRUE,x8g.metal-24xl,AWS,1572864,96,N/A
TRUE,x2idn.24xlarge,Intel,1572864,96,$10.00
TRUE,x2iedn.24xlarge,Intel,3145728,96,$20.01
TRUE,c6a.32xlarge,AMD,262144,128,$4.90
TRUE,c7a.32xlarge,AMD,262144,128,$6.57
TRUE,c6i.32xlarge,Intel,262144,128,$5.44
TRUE,c6id.32xlarge,Intel,262144,128,$6.45
TRUE,c6in.32xlarge,Intel,262144,128,$7.26
TRUE,c6i.metal,Intel,262144,128,N/A
TRUE,c6id.metal,Intel,262144,128,N/A
TRUE,c6in.metal,Intel,262144,128,N/A
TRUE,m6a.32xlarge,AMD,524288,128,$5.53
TRUE,m7a.32xlarge,AMD,524288,128,$7.42
TRUE,m6i.32xlarge,Intel,524288,128,$6.14
TRUE,m6id.32xlarge,Intel,524288,128,$7.59
TRUE,m6in.32xlarge,Intel,524288,128,$8.91
TRUE,m6idn.32xlarge,Intel,524288,128,$10.18
TRUE,trn1.32xlarge,Intel,524288,128,$21.50
TRUE,trn1n.32xlarge,Intel,524288,128,$24.78
TRUE,m6i.metal,Intel,524288,128,N/A
TRUE,m6id.metal,Intel,524288,128,N/A
TRUE,m6idn.metal,Intel,524288,128,N/A
TRUE,m6in.metal,Intel,524288,128,N/A
TRUE,r6a.32xlarge,AMD,1048576,128,$7.26
TRUE,r7a.32xlarge,AMD,1048576,128,$9.74
TRUE,r6i.32xlarge,Intel,1048576,128,$8.06
TRUE,r6id.32xlarge,Intel,1048576,128,$9.68
TRUE,i4i.32xlarge,Intel,1048576,128,$10.98
TRUE,r6in.32xlarge,Intel,1048576,128,$11.16
TRUE,r7iz.32xlarge,Intel,1048576,128,$11.90
TRUE,r6idn.32xlarge,Intel,1048576,128,$12.51
TRUE,i4i.metal,Intel,1048576,128,N/A
TRUE,r6i.metal,Intel,1048576,128,N/A
TRUE,r6id.metal,Intel,1048576,128,N/A
TRUE,r6idn.metal,Intel,1048576,128,N/A
TRUE,r6in.metal,Intel,1048576,128,N/A
TRUE,r7iz.metal-32xl,Intel,1048576,128,N/A
TRUE,x1.32xlarge,Intel,1998848,128,$13.34
TRUE,x2idn.32xlarge,Intel,2097152,128,$13.34
TRUE,x2idn.metal,Intel,2097152,128,N/A
TRUE,x1e.32xlarge,Intel,3997696,128,$26.69
TRUE,x2iedn.32xlarge,Intel,4194304,128,$26.68
TRUE,x2iedn.metal,Intel,4194304,128,N/A
TRUE,c6a.48xlarge,AMD,393216,192,$7.34
TRUE,c7a.48xlarge,AMD,393216,192,$9.85
TRUE,c6a.metal,AMD,393216,192,N/A
TRUE,c7a.metal-48xl,AMD,393216,192,N/A
TRUE,c8g.48xlarge,AWS,393216,192,$7.66
TRUE,c8gd.48xlarge,AWS,393216,192,$9.41
TRUE,c8gn.48xlarge,AWS,393216,192,$11.38
TRUE,c8g.metal-48xl,AWS,393216,192,N/A
TRUE,c8gd.metal-48xl,AWS,393216,192,N/A
TRUE,c8gn.metal-48xl,AWS,393216,192,N/A
TRUE,c7i.48xlarge,Intel,393216,192,$8.57
TRUE,c7i.metal-48xl,Intel,393216,192,N/A
TRUE,m6a.48xlarge,AMD,786432,192,$8.29
TRUE,m7a.48xlarge,AMD,786432,192,$11.13
TRUE,inf2.48xlarge,AMD,786432,192,$12.98
TRUE,g6.48xlarge,AMD,786432,192,$13.35
TRUE,g5.48xlarge,AMD,786432,192,$16.29
TRUE,m6a.metal,AMD,786432,192,N/A
TRUE,m7a.metal-48xl,AMD,786432,192,N/A
TRUE,m8g.48xlarge,AWS,786432,192,$8.62
TRUE,m8gd.48xlarge,AWS,786432,192,$11.07
TRUE,m8g.metal-48xl,AWS,786432,192,N/A
TRUE,m8gd.metal-48xl,AWS,786432,192,N/A
TRUE,m7i.48xlarge,Intel,786432,192,$9.68
TRUE,m7i.metal-48xl,Intel,786432,192,N/A
TRUE,r6a.48xlarge,AMD,1572864,192,$10.89
TRUE,r7a.48xlarge,AMD,1572864,192,$14.61
TRUE,g6e.48xlarge,AMD,1572864,192,$30.13
TRUE,r6a.metal,AMD,1572864,192,N/A
TRUE,r7a.metal-48xl,AMD,1572864,192,N/A
TRUE,r8g.48xlarge,AWS,1572864,192,$11.31
TRUE,r8gd.48xlarge,AWS,1572864,192,$14.11
TRUE,i8g.48xlarge,AWS,1572864,192,$16.47
TRUE,r8g.metal-48xl,AWS,1572864,192,N/A
TRUE,r8gd.metal-48xl,AWS,1572864,192,N/A
TRUE,r7i.48xlarge,Intel,1572864,192,$12.70
TRUE,i7i.48xlarge,Intel,1572864,192,$18.12
TRUE,i7ie.48xlarge,Intel,1572864,192,$24.95
TRUE,i7i.metal-48xl,Intel,1572864,192,N/A
TRUE,i7ie.metal-48xl,Intel,1572864,192,N/A
TRUE,r7i.metal-48xl,Intel,1572864,192,N/A
TRUE,f2.48xlarge,AMD,2097152,192,$15.84
TRUE,p5.48xlarge,AMD,2097152,192,$55.04
TRUE,p5en.48xlarge,Intel,2097152,192,$63.30
TRUE,p6-b200.48xlarge,Intel,2097152,192,$113.93
TRUE,x8g.48xlarge,AWS,3145728,192,$18.76
TRUE,x8g.metal-48xl,AWS,3145728,192,N/A
TRUE,u-3tb1.56xlarge,Intel,3145728,224,$27.30
TRUE,u-6tb1.56xlarge,Intel,6291456,224,$46.40
TRUE,u-6tb1.112xlarge,Intel,6291456,448,$54.60
TRUE,u7i-6tb.112xlarge,Intel,6291456,448,$62.79
TRUE,u7i-8tb.112xlarge,Intel,8388608,448,$83.72
TRUE,u7i-12tb.224xlarge,Intel,12582912,896,$125.58
TRUE,u7in-16tb.224xlarge,Intel,16777216,896,$180.48
TRUE,u7in-24tb.224xlarge,Intel,25165824,896,$270.73
TRUE,u7in-32tb.224xlarge,Intel,33554432,896,$360.99
